Rank;Sourceid;Title;Type;Issn;SJR;SJR Best Quartile;H index;Total Docs. (2023);Total Docs. (3years);Total Refs.;Total Cites (3years);Citable Docs. (3years);Cites / Doc. (2years);Ref. / Doc.;%Female;Overton;SDG;Country;Region;Publisher;Coverage;Categories;Areas
1;21206;"Nature";journal;"14764687, 00280836";18,509;Q1;1391;3770;8037;74917;160102;3840;19,40;19,87;38,12;111;901;United Kingdom;Western Europe;"Nature Research";"1869-2023";"Multidisciplinary (Q1)";"Multidisciplinary"
2;23571;"Science";journal;"10959203, 00368075";11,902;Q1;1336;2181;8261;42348;117779;4229;13,46;19,42;33,89;48;328;United States;Northern America;"American Association for the Advancement of Science";"1880-1881, 1883-2023";"History and Philosophy of Science (Q1); Multidisciplinary (Q1)";"Arts and Humanities; Multidisciplinary"
3;21101038708;"The Innovation";journal;"26666758";7,268;Q1;41;143;294;5368;5223;177;19,20;37,54;34,51;0;45;United States;Northern America;"Cell Press";"2020-2023";"Multidisciplinary (Q1)";"Multidisciplinary"
4;21100457028;"Science advances";journal;"23752548";4,483;Q1;252;2120;6342;138962;80234;6311;11,18;65,55;35,25;21;552;United States;Northern America;"American Association for the Advancement of Science";"2015-2023";"Multidisciplinary (Q1)";"Multidisciplinary"
5;21121;"Proceedings of the National Academy of Sciences of the United States of America";journal;"10916490, 00278424";3,737;Q1;869;3661;12117;194987;110408;11055;8,18;53,26;35,74;54;987;United States;Northern America;"National Academy of Sciences";"1945-1951, 1961-2023";"Multidisciplinary (Q1)";"Multidisciplinary"
6;21100409368;"National Science Review";journal;"20955138, 2053714X";2,934;Q1;107;351;807;15176;8387;664;9,67;43,24;32,43;0;79;United Kingdom;Western Europe;"Oxford University Press";"2014-2023";"Multidisciplinary (Q1)";"Multidisciplinary"
7;21100405003;"Science Bulletin";journal;"20959273, 20959281";2,807;Q1;148;485;1108;17495;11378;812;9,81;36,07;35,14;0;104;Netherlands;Western Europe;"Elsevier B.V.";"2015-2023";"Multidisciplinary (Q1)";"Multidisciplinary"
8;21100943285;"Research";journal;"26395274, 20965168";2,102;Q1;51;253;464;17148;4084;463;7,99;67,78;36,03;0;69;United States;Northern America;"American Association for the Advancement of Science";"2018-2023";"Multidisciplinary (Q1)";"Multidisciplinary"
9;19700168304;"Journal of Advanced Research";journal;"20901224, 20901232";1,905;Q1;93;315;450;26414;5200;449;11,79;83,85;40,13;1;146;Netherlands;Western Europe;"Elsevier B.V.";"2010-2023";"Multidisciplinary (Q1)";"Multidisciplinary"
10;25522;"Tsinghua Science and Technology";journal;"10070214";1,580;Q1;59;92;227;3397;1508;227;7,26;36,92;38,44;0;15;China;Asiatic Region;"Tsinghua University";"2003-2024";"Multidisciplinary (Q1)";"Multidisciplinary"
11;25451;"Transactions of Tianjin University";journal;"10064982, 19958196";1,502;Q1;30;37;122;2350;832;120;6,14;63,51;30,81;0;23;China;Asiatic Region;"Tianjin Daxue/Tianjin University";"2004-2023";"Multidisciplinary (Q1)";"Multidisciplinary"
12;21100907125;"iScience";journal;"25890042";1,497;Q1;79;2758;4627;179622;23716;4602;4,76;65,13;40,49;10;1107;United States;Northern America;"Elsevier Inc.";"2018-2023";"Multidisciplinary (Q1)";"Multidisciplinary"
13;22367;"Progress in Natural Science: Materials International";journal;"10020071, 17455391";1,025;Q1;81;100;318;6150;1801;315;4,93;61,50;29,97;0;44;China;Asiatic Region;"";"1996-2023";"Materials Science (miscellaneous) (Q1); Multidisciplinary (Q1)";"Materials Science; Multidisciplinary"
14;21101107573;"Global Challenges";journal;"20566646";0,901;Q1;25;101;150;8661;826;147;4,73;85,75;32,00;1;77;United States;Northern America;"John Wiley and Sons Inc.";"2017-2018, 2020-2023";"Multidisciplinary (Q1)";"Multidisciplinary"
15;21100200805;"Scientific Reports";journal;"20452322";0,900;Q1;315;22439;67114;1094778;283579;67062;3,88;48,79;37,49;95;7930;United Kingdom;Western Europe;"Nature Publishing Group";"2011-2023";"Multidisciplinary (Q1)";"Multidisciplinary"
16;23100;"Proceedings of the Japan Academy Series B: Physical and Biological Sciences";journal;"13492896, 03862208";0,898;Q1;66;27;87;2541;349;87;4,16;94,11;14,93;0;4;Japan;Asiatic Region;"Japan Academy";"1977-2023";"Agricultural and Biological Sciences (miscellaneous) (Q1); Medicine (miscellaneous) (Q1); Multidisciplinary (Q1); Physics and Astronomy (miscellaneous) (Q1)";"Agricultural and Biological Sciences; Medicine; Multidisciplinary; Physics and Astronomy"
17;21101065105;"Fundamental Research";journal;"20969457, 26673258";0,849;Q1;23;200;323;12839;1282;289;3,97;64,20;34,55;1;70;China;Asiatic Region;"KeAi Communications Co.";"2021-2023";"Multidisciplinary (Q1)";"Multidisciplinary"
18;21100938000;"Facets";journal;"23711671";0,847;Q1;25;63;232;4857;746;228;3,05;77,10;51,01;3;43;Canada;Northern America;"Canadian Science Publishing";"2017-2023";"Multidisciplinary (Q1)";"Multidisciplinary"
19;10600153309;"PLoS ONE";journal;"19326203";0,839;Q1;435;14827;48154;735160;165901;48149;3,11;49,58;43,99;118;6657;United States;Northern America;"Public Library of Science";"2006-2023";"Multidisciplinary (Q1)";"Multidisciplinary"
20;21100446014;"Royal Society Open Science";journal;"20545703";0,787;Q1;83;593;1855;38483;6239;1842;3,01;64,90;36,02;7;140;United Kingdom;Western Europe;"The Royal Society";"2014-2023";"Multidisciplinary (Q1)";"Multidisciplinary"
21;21101017598;"Emerging Science Journal";journal;"26109182";0,754;Q1;28;181;289;10158;1478;289;5,58;56,12;39,69;0;78;Italy;Western Europe;"Ital Publication";"2017-2023";"Multidisciplinary (Q1)";"Multidisciplinary"
22;21100872043;"Epidemiologia e servicos de saude : revista do Sistema Unico de Saude do Brasil";journal;"22379622, 16794974";0,718;Q1;29;73;337;1691;715;317;1,31;23,16;65,20;0;40;Brazil;Latin America;"Secretaria de Vigilancia em Saude do Ministerio da Saude";"2016-2023";"Multidisciplinary (Q1); Epidemiology (Q2); Medicine (miscellaneous) (Q2)";"Medicine; Multidisciplinary"
23;21101042012;"Citizen Science: Theory and Practice";journal;"20574991";0,716;Q1;15;66;107;2912;383;107;2,86;44,12;55,63;1;46;United Kingdom;Western Europe;"Ubiquity Press";"2020-2023";"Multidisciplinary (Q1)";"Multidisciplinary"
24;19700200807;"Research in Science and Technological Education";journal;"14701138, 02635143";0,714;Q1;39;126;109;7386;310;109;2,41;58,62;52,89;3;36;United Kingdom;Western Europe;"Taylor and Francis Ltd.";"1983-2023";"Education (Q1); Multidisciplinary (Q1)";"Multidisciplinary; Social Sciences"
25;21100247071;"Science and Technology Studies";journal;"22434690";0,674;Q1;22;12;54;544;111;53;1,88;45,33;57,14;0;4;Finland;Western Europe;"Finnish Society for Science and Technology Studies";"2012-2023";"History and Philosophy of Science (Q1); Multidisciplinary (Q1)";"Arts and Humanities; Multidisciplinary"
26;28472;"Fractals";journal;"17936543, 0218348X";0,673;Q1;64;320;971;13828;3561;965;3,75;43,21;29,88;0;47;Singapore;Asiatic Region;"World Scientific";"1995-2023";"Multidisciplinary (Q1); Applied Mathematics (Q2); Geometry and Topology (Q2); Modeling and Simulation (Q2)";"Mathematics; Multidisciplinary"
27;21100941752;"Advanced Theory and Simulations";journal;"25130390";0,661;Q1;39;204;530;10734;1694;526;3,03;52,62;26,46;1;55;Germany;Western Europe;"Wiley-VCH Verlag";"2018-2023";"Multidisciplinary (Q1); Modeling and Simulation (Q2); Numerical Analysis (Q2); Statistics and Probability (Q2)";"Mathematics; Multidisciplinary"
28;21101140350;"Health Data Science";journal;"20971095, 27658783";0,653;Q1;8;15;37;884;107;35;2,89;58,93;36,49;0;6;United States;Northern America;"American Association for the Advancement of Science";"2021-2023";"Multidisciplinary (Q1)";"Multidisciplinary"
29;21100411756;"Heliyon";journal;"24058440";0,617;Q1;88;10362;9327;576558;42416;9314;4,00;55,64;38,11;21;5002;Netherlands;Western Europe;"Elsevier B.V.";"2015-2023";"Multidisciplinary (Q1)";"Multidisciplinary"
30;86891;"Journal of King Saud University - Science";journal;"10183647";0,601;Q1;63;512;1467;18539;6125;1465;4,23;36,21;32,14;1;243;Netherlands;Western Europe;"Elsevier B.V.";"1994, 2009-2023";"Multidisciplinary (Q1)";"Multidisciplinary"
31;21100904987;"Scientific African";journal;"24682276";0,575;Q1;36;512;1155;24913;4472;1151;3,35;48,66;26,38;4;287;Netherlands;Western Europe;"Elsevier B.V.";"2018-2023";"Multidisciplinary (Q1)";"Multidisciplinary"
32;12337;"International Journal of Bifurcation and Chaos in Applied Sciences and Engineering";journal;"17936551, 02181274";0,570;Q1;116;237;898;8780;1966;898;2,09;37,05;33,10;0;37;Singapore;Asiatic Region;"World Scientific";"1996-2023";"Multidisciplinary (Q1); Applied Mathematics (Q2); Engineering (miscellaneous) (Q2); Modeling and Simulation (Q2)";"Engineering; Mathematics; Multidisciplinary"
33;23716;"Science, Technology and Society";journal;"09730796, 09717218";0,548;Q1;29;41;84;1708;222;78;2,20;41,66;32,47;1;23;India;Asiatic Region;"Sage Publications India Pvt. Ltd";"1996-2023";"Multidisciplinary (Q1)";"Multidisciplinary"
34;21100901173;"Applied Network Science";journal;"23648228";0,526;Q1;27;80;281;3646;683;281;1,67;45,58;27,73;0;21;Switzerland;Western Europe;"Springer Nature";"2016-2023";"Multidisciplinary (Q1); Computational Mathematics (Q2); Computer Networks and Communications (Q2)";"Computer Science; Mathematics; Multidisciplinary"
35;13951;"Arabian Journal for Science and Engineering";journal;"21914281, 2193567X";0,513;Q1;70;1327;2712;64008;9593;2712;3,43;48,24;23,76;0;389;Germany;Western Europe;"";"1984, 1986, 1996-2023";"Multidisciplinary (Q1)";"Multidisciplinary"
36;25823;"Complexity";journal;"10762787, 10990526";0,445;Q1;79;151;3385;7089;7668;3372;2,22;46,95;25,05;0;46;Egypt;Africa/Middle East;"Hindawi Limited";"1995-2023";"Multidisciplinary (Q1); Computer Science (miscellaneous) (Q2)";"Computer Science; Multidisciplinary"
37;23030;"Journal of the Royal Society of New Zealand";journal;"03036758";0,443;Q1;45;60;135;3650;276;123;2,15;60,83;48,89;1;26;United Kingdom;Western Europe;"Taylor and Francis Ltd.";"1971-2023";"Multidisciplinary (Q1)";"Multidisciplinary"
38;23697;"Science Progress";journal;"20477163, 00368504";0,434;Q1;44;176;683;7685;1625;676;2,50;43,66;32,81;0;65;United Kingdom;Western Europe;"SAGE Publications Ltd";"1946-1949, 1955, 1957, 1960-1963, 1965-1972, 1974-1993, 1995-2023";"Multidisciplinary (Q1)";"Multidisciplinary"
39;21101126971;"Sci";journal;"24134155";0,429;Q1;13;45;128;2269;361;121;2,91;50,42;32,03;0;17;Switzerland;Western Europe;"Multidisciplinary Digital Publishing Institute (MDPI)";"2019-2023";"Multidisciplinary (Q1)";"Multidisciplinary"
40;21100235612;"International Journal of Technology";journal;"20869614, 20872100";0,427;Q1;25;170;479;4639;907;477;1,67;27,29;38,72;0;76;Indonesia;Asiatic Region;"Faculty of Engineering, Universitas Indonesia";"2010-2023";"Multidisciplinary (Q1); Engineering (miscellaneous) (Q2); Management of Technology and Innovation (Q3); Strategy and Management (Q3)";"Business, Management and Accounting; Engineering; Multidisciplinary"
41;21101092536;"Chaos Theory and Applications";journal;"26874539";0,420;Q1;11;32;58;1222;144;56;2,29;38,19;22,22;0;6;Turkey;Middle East;"Akif AKGUL";"2019-2023";"Multidisciplinary (Q1); Electrical and Electronic Engineering (Q2); Engineering (miscellaneous) (Q2); Mechanical Engineering (Q2); Biomedical Engineering (Q3)";"Engineering; Multidisciplinary"
42;21100908534;"Tapuya: Latin American Science, Technology and Society";journal;"25729861";0,417;Q1;11;43;105;1919;135;80;1,20;44,63;56,14;0;13;United States;Northern America;"Routledge";"2018-2023";"Multidisciplinary (Q1); Social Sciences (miscellaneous) (Q2)";"Multidisciplinary; Social Sciences"
43;17700156015;"Journal of dance medicine &amp; science : official publication of the International Association for Dance Medicine &amp; Science";journal;"1089313X, 23748060";0,401;Q2;39;28;82;963;106;82;1,24;34,39;66,96;0;3;United States;Northern America;"Sage Publications";"2002-2023";"Multidisciplinary (Q2)";"Multidisciplinary"
44;22447;"Journal of the Indian Institute of Science";journal;"00194964, 09704140";0,401;Q2;38;77;192;5760;464;166;1,78;74,81;37,37;0;31;India;Asiatic Region;"Indian Institute of Science";"1974, 1976-1978, 1983-1984, 1988, 1995-2023";"Multidisciplinary (Q2)";"Multidisciplinary"
45;27733;"Latin American Research Review";journal;"00238791, 15424278";0,386;Q2;54;61;157;3135;126;148;0,61;51,39;33,71;0;25;United States;Northern America;"Cambridge University Press";"1965-2023";"Cultural Studies (Q1); History (Q1); Literature and Literary Theory (Q1); Anthropology (Q2); Arts and Humanities (miscellaneous) (Q2); Development (Q2); Economics, Econometrics and Finance (miscellaneous) (Q2); Geography, Planning and Development (Q2); Multidisciplinary (Q2); Political Science and International Relations (Q2); Sociology and Political Science (Q2)";"Arts and Humanities; Economics, Econometrics and Finance; Multidisciplinary; Social Sciences"
46;21101171778;"Ianna Journal of Interdisciplinary Studies";journal;"27359891, 27359883";0,374;Q2;9;20;37;553;69;36;1,21;27,65;41,18;0;11;Nigeria;Africa;"University of Nigeria Department of Mass Communication";"2019-2023";"Multidisciplinary (Q2)";"Multidisciplinary"
47;19700173166;"Acta Polytechnica Hungarica";journal;"17858860";0,368;Q2;42;128;410;4121;1133;395;3,21;32,20;26,43;0;52;Hungary;Eastern Europe;"Obuda University";"2004-2023";"Engineering (miscellaneous) (Q2); Multidisciplinary (Q2)";"Engineering; Multidisciplinary"
48;21101100111;"European Journal of STEM Education";journal;"24684368";0,365;Q2;8;9;37;462;67;37;1,56;51,33;70,83;0;1;Netherlands;Western Europe;"Lectito";"2019-2023";"Multidisciplinary (Q2)";"Multidisciplinary"
49;23531;"Sadhana - Academy Proceedings in Engineering Sciences";journal;"09737677, 02562499";0,343;Q2;59;285;812;10618;1591;780;1,86;37,26;21,29;0;61;India;Asiatic Region;"Springer India";"1984-2023";"Multidisciplinary (Q2)";"Multidisciplinary"
50;5600155094;"Perspectives on Science";journal;"10636145, 15309274";0,333;Q2;28;28;90;1834;75;85;0,72;65,50;30,95;0;1;United States;Northern America;"MIT Press Journals";"1999-2023";"History and Philosophy of Science (Q2); Multidisciplinary (Q2)";"Arts and Humanities; Multidisciplinary"
51;21101061448;"AAS Open Research";journal;"25159321";0,330;Q2;6;0;24;0;30;22;2,20;0,00;0,00;0;0;United Kingdom;Western Europe;"F1000 Research Ltd";"2018-2021";"Multidisciplinary (Q2)";"Multidisciplinary"
52;23516;"Journal of the Royal Society of Western Australia";journal;"0035922X";0,321;Q2;29;3;32;195;35;29;0,88;65,00;25,00;0;1;Australia;Pacific Region;"Royal Society of Western Australia Inc.";"1981, 1983-2023";"Multidisciplinary (Q2)";"Multidisciplinary"
53;18659;"Anais da Academia Brasileira de Ciencias";journal;"00013765, 16782690";0,316;Q2;73;368;1264;17656;1684;1215;1,13;47,98;45,01;0;112;Brazil;Latin America;"Academia Brasileira de Ciencias";"1945-1946, 1949, 1970-1992, 1994-2023";"Multidisciplinary (Q2)";"Multidisciplinary"
54;84932;"Kexue Tongbao/Chinese Science Bulletin";journal;"0023074X, 20959419";0,298;Q2;43;497;1328;25908;2042;1321;1,36;52,13;34,96;0;200;China;Asiatic Region;"Science China Press";"1963-1964, 1980-1984, 1989, 2015-2023";"Multidisciplinary (Q2)";"Multidisciplinary"
55;21100440523;"Interaction Design and Architecture(s)";journal;"18269745, 22832998";0,295;Q2;19;21;120;896;148;120;1,08;42,67;37,50;0;4;Italy;Western Europe;"ASLERD";"2007, 2011-2023";"Architecture (Q2); Media Technology (Q2); Multidisciplinary (Q2); Social Sciences (miscellaneous) (Q2); Computer Science Applications (Q3); Education (Q3); Pharmacology (Q3); Human-Computer Interaction (Q4)";"Computer Science; Engineering; Multidisciplinary; Pharmacology, Toxicology and Pharmaceutics; Social Sciences"
56;22963;"Interdisciplinary Science Reviews";journal;"03080188, 17432790";0,293;Q2;30;50;110;2257;170;101;1,40;45,14;41,33;1;6;United Kingdom;Western Europe;"SAGE Publications Inc.";"1976-2023";"History and Philosophy of Science (Q2); Multidisciplinary (Q2); Social Sciences (miscellaneous) (Q2)";"Arts and Humanities; Multidisciplinary; Social Sciences"
57;83082;"Historia Agraria";journal;"11391472";0,289;Q2;20;25;77;1628;49;76;0,56;65,12;23,26;0;9;Spain;Western Europe;"Universitat Autonoma de Barcelona";"1998-2023";"History (Q1); Agricultural and Biological Sciences (miscellaneous) (Q2); Arts and Humanities (miscellaneous) (Q2); Multidisciplinary (Q2); Geography, Planning and Development (Q3)";"Agricultural and Biological Sciences; Arts and Humanities; Multidisciplinary; Social Sciences"
58;21101120611;"Open Research Europe";journal;"27325121";0,280;Q2;9;111;172;4857;240;172;1,40;43,76;39,20;0;51;United Kingdom;Western Europe;"F1000 Research Ltd";"2021-2023";"Multidisciplinary (Q2)";"Multidisciplinary"
59;21100394266;"International Journal of Agile Systems and Management";journal;"17419174, 17419182";0,279;Q2;27;20;64;1454;119;64;1,36;72,70;36,54;0;8;Switzerland;Western Europe;"Inderscience";"2006-2009, 2011-2023";"Multidisciplinary (Q2); Computer Science (miscellaneous) (Q3); Decision Sciences (miscellaneous) (Q3); Engineering (miscellaneous) (Q3); Industrial and Manufacturing Engineering (Q3); Management Information Systems (Q3); Strategy and Management (Q3)";"Business, Management and Accounting; Computer Science; Decision Sciences; Engineering; Multidisciplinary"
60;26207;"Xinan Jiaotong Daxue Xuebao/Journal of Southwest Jiaotong University";journal;"02582724";0,277;Q2;26;177;502;4680;461;502;0,97;26,44;32,33;0;40;China;Asiatic Region;"Science China Press";"1991, 1998, 2001-2023";"Multidisciplinary (Q2)";"Multidisciplinary"
61;21101119543;"Journal of Advanced Research in Applied Sciences and Engineering Technology";journal;"24621943";0,271;Q2;11;356;175;12364;330;175;1,71;34,73;39,98;0;146;Malaysia;Asiatic Region;"Semarak Ilmu Publishing";"2019-2023";"Multidisciplinary (Q2)";"Multidisciplinary"
62;21100897136;"Karbala International Journal of Modern Science";journal;"24056103, 2405609X";0,271;Q2;29;63;152;3098;275;152;1,78;49,17;39,80;0;27;Iraq;Middle East;"University of Kerbala";"2015-2023";"Multidisciplinary (Q2); Biochemistry, Genetics and Molecular Biology (miscellaneous) (Q3); Chemistry (miscellaneous) (Q3); Computer Science (miscellaneous) (Q3); Physics and Astronomy (miscellaneous) (Q3)";"Biochemistry, Genetics and Molecular Biology; Chemistry; Computer Science; Multidisciplinary; Physics and Astronomy"
63;21101117185;"Gateways";journal;"18363393";0,268;Q2;5;21;44;703;35;41;0,81;33,48;72,94;0;15;Australia;Pacific Region;"UTS ePRESS";"2019-2023";"Multidisciplinary (Q2)";"Multidisciplinary"
64;21100896466;"International Journal of Service Science, Management, Engineering, and Technology";journal;"19479603, 1947959X";0,264;Q2;19;11;137;1064;249;137;1,79;96,73;36,11;0;2;United States;Northern America;"IGI Global Publishing";"2014, 2017-2023";"Multidisciplinary (Q2); Business, Management and Accounting (miscellaneous) (Q3); Computer Science (miscellaneous) (Q3); Engineering (miscellaneous) (Q3)";"Business, Management and Accounting; Computer Science; Engineering; Multidisciplinary"
65;21101034114;"Journal of Applied Science and Engineering (Taiwan)";journal;"27089975, 27089967";0,264;Q2;32;213;328;5935;451;328;1,47;27,86;31,50;0;59;Taiwan;Asiatic Region;"Tamkang University";"2021-2024";"Multidisciplinary (Q2); Engineering (miscellaneous) (Q3)";"Engineering; Multidisciplinary"
66;4000151817;"ScienceAsia";journal;"15131874";0,264;Q2;44;120;350;3728;362;348;0,99;31,07;43,99;0;35;Thailand;Asiatic Region;"Science Society of Thailand under Royal Patronage";"1996-2023";"Multidisciplinary (Q2)";"Multidisciplinary"
67;17294;"Defence Science Journal";journal;"0011748X, 0976464X";0,259;Q2;40;78;291;2048;326;288;1,01;26,26;18,40;0;11;India;Asiatic Region;"Defense Scientific Information and Documentation Centre";"1970-1989, 1991-2023";"Multidisciplinary (Q2); Chemical Engineering (miscellaneous) (Q3); Electrical and Electronic Engineering (Q3); Mechanical Engineering (Q3); Physics and Astronomy (miscellaneous) (Q3); Biomedical Engineering (Q4); Computer Science Applications (Q4)";"Chemical Engineering; Computer Science; Engineering; Multidisciplinary; Physics and Astronomy"
68;6500153124;"Theology and Science";journal;"14746719, 14746700";0,259;Q2;15;61;120;234;62;104;0,51;3,84;15,38;0;1;United Kingdom;Western Europe;"Routledge";"2003-2023";"Religious Studies (Q1); History and Philosophy of Science (Q2); Multidisciplinary (Q2)";"Arts and Humanities; Multidisciplinary"
69;145055;"Xi'an Shiyou Daxue Xuebao (Ziran Kexue Ban)/Journal of Xi'an Shiyou University, Natural Sciences Edition";journal;"1673064X";0,251;Q2;17;18;305;512;159;305;0,53;28,44;36,47;0;3;China;Asiatic Region;"Xi'an Petroleum Institute";"2005-2023";"Multidisciplinary (Q2)";"Multidisciplinary"
70;145331;"Brazilian Archives of Biology and Technology";journal;"15168913";0,250;Q2;64;172;477;6703;587;477;1,03;38,97;45,10;0;50;Brazil;Latin America;"Instituto de Tecnologia do Parana";"1998-2023";"Multidisciplinary (Q2)";"Multidisciplinary"
71;22386;"Hunan Daxue Xuebao/Journal of Hunan University Natural Sciences";journal;"16742974";0,248;Q2;20;248;707;5907;589;707;0,83;23,82;29,80;0;30;China;Asiatic Region;"Hunan University";"1992-1993, 1996, 2001-2023";"Multidisciplinary (Q2)";"Multidisciplinary"
72;5800207553;"Linguistics in the Netherlands";journal;"09297332";0,246;Q2;17;20;41;490;10;39;0,24;24,50;61,02;0;1;Netherlands;Western Europe;"John Benjamins Publishing Company";"1996-2022";"Linguistics and Language (Q2); Multidisciplinary (Q2); Health Professions (miscellaneous) (Q3); Psychology (miscellaneous) (Q3); Social Sciences (miscellaneous) (Q3)";"Health Professions; Multidisciplinary; Psychology; Social Sciences"
73;22251;"Pacific Science";journal;"15346188, 00308870";0,241;Q2;46;21;74;1171;58;74;0,76;55,76;32,43;0;9;United States;Northern America;"University of Hawaii Press";"1979-2023";"Multidisciplinary (Q2)";"Multidisciplinary"
74;20699;"Current Science";journal;"00113891";0,240;Q2;137;378;1542;10737;1199;1379;0,73;28,40;30,67;0;153;India;Asiatic Region;"Indian Academy of Sciences";"1945-1951, 1973-1989, 1993-2023";"Multidisciplinary (Q2)";"Multidisciplinary"
75;1300147101;"Foundations of Science";journal;"12331821";0,231;Q2;30;92;232;4896;185;188;0,69;53,22;20,97;0;5;Netherlands;Western Europe;"Springer Netherlands";"1995, 1997-2002, 2005-2023";"History and Philosophy of Science (Q2); Multidisciplinary (Q2)";"Arts and Humanities; Multidisciplinary"
76;21100324700;"Kuwait Journal of Science";journal;"23074108, 23074116";0,231;Q2;20;195;258;6228;338;258;1,30;31,94;31,62;0;49;Kuwait;Middle East;"Elsevier B.V.";"2013-2023";"Multidisciplinary (Q2)";"Multidisciplinary"
77;145728;"Journal of Shanghai Jiaotong University (Science)";journal;"10071172";0,227;Q2;23;182;359;5240;328;357;0,76;28,79;29,25;0;29;China;Asiatic Region;"Shanghai Jiaotong University";"2005-2023";"Multidisciplinary (Q2)";"Multidisciplinary"
78;18761;"Advances in Complex Systems";journal;"02195259, 17936802";0,224;Q2;38;17;73;919;53;71;0,71;54,06;16,67;0;3;Singapore;Asiatic Region;"World Scientific Publishing Co. Pte Ltd";"2004-2023";"Multidisciplinary (Q2); Control and Systems Engineering (Q4)";"Engineering; Multidisciplinary"
79;145365;"Jilin Daxue Xuebao (Gongxueban)/Journal of Jilin University (Engineering and Technology Edition)";journal;"16715497";0,224;Q2;23;372;865;8771;743;865;0,88;23,58;31,97;0;67;China;Asiatic Region;"Editorial Board of Jilin University";"2005-2023";"Multidisciplinary (Q2)";"Multidisciplinary"
80;5000157301;"Transactions of the Royal Society of South Africa";journal;"0035919X, 21540098";0,224;Q2;29;20;73;1558;86;73;1,04;77,90;27,27;0;9;United Kingdom;Western Europe;"Taylor and Francis Ltd.";"1909-1910, 1913-1915, 1917-1919, 1921-1926, 1928-1940, 1942-1943, 1945-1949, 1951, 1954-1964, 1967-1972, 1974-1990, 1992-2023";"Multidisciplinary (Q2); Agricultural and Biological Sciences (miscellaneous) (Q3); Earth and Planetary Sciences (miscellaneous) (Q3); Environmental Science (miscellaneous) (Q3); Medicine (miscellaneous) (Q4)";"Agricultural and Biological Sciences; Earth and Planetary Sciences; Environmental Science; Medicine; Multidisciplinary"
81;25490;"Tongji Daxue Xuebao/Journal of Tongji University";journal;"0253374X";0,222;Q2;36;215;656;5182;478;656;0,69;24,10;34,09;0;47;China;Asiatic Region;"Science China Press";"1999-2023";"Multidisciplinary (Q2)";"Multidisciplinary"
82;7700153224;"Sains Malaysiana";journal;"01266039";0,216;Q2;43;257;970;11014;941;970;0,84;42,86;43,58;0;107;Malaysia;Asiatic Region;"Penerbit Universiti Kebangsaan Malaysia";"2006-2023";"Multidisciplinary (Q2)";"Multidisciplinary"
83;14038;"Shanghai Jiaotong Daxue Xuebao/Journal of Shanghai Jiaotong University";journal;"10062467";0,213;Q2;25;189;594;4224;500;594;0,85;22,35;31,42;0;43;China;Asiatic Region;"Shanghai Jiaotong University";"1988, 1998-2023";"Multidisciplinary (Q2)";"Multidisciplinary"
84;17700155802;"Gazi University Journal of Science";journal;"21471762, 13039709";0,211;Q3;22;120;270;4393;288;270;1,05;36,61;34,40;0;31;Turkey;Middle East;"Gazi Universitesi";"2009-2023";"Engineering (miscellaneous) (Q3); Multidisciplinary (Q3)";"Engineering; Multidisciplinary"
85;21101166819;"Natural Resources for Human Health";journal;"25831194";0,211;Q2;5;44;69;2545;85;68;1,23;57,84;36,69;0;18;India;Asiatic Region;"Visagaa Publishing House";"2021-2023";"Multidisciplinary (Q2)";"Multidisciplinary"
86;23649;"Journal of Scientific and Industrial Research";journal;"09751084, 00224456";0,210;Q3;63;129;449;4015;460;449;1,23;31,12;28,47;0;49;India;Asiatic Region;"National Institute of Science Communication and Information Resources (NISCAIR)";"1969-1970, 1972-1978, 1980, 1982-1991, 1994-2023";"Multidisciplinary (Q3)";"Multidisciplinary"
87;19700175755;"Advances in Systems Science and Applications";journal;"10786236";0,208;Q3;15;51;135;1340;110;135;0,87;26,27;32,05;0;12;United States;Northern America;"International Institute for General Systems Studies";"2009-2023";"Engineering (miscellaneous) (Q3); Multidisciplinary (Q3)";"Engineering; Multidisciplinary"
88;21100372856;"Data in Brief";journal;"23523409";0,208;Q3;52;968;3853;10435;5608;6;1,29;10,78;0,00;2;393;United States;Northern America;"Elsevier Inc.";"2014-2023";"Education (Q3); Multidisciplinary (Q3)";"Multidisciplinary; Social Sciences"
89;21100256950;"Movement and Sports Sciences - Science et Motricite";journal;"21185735, 21185743";0,206;Q3;16;27;80;1500;47;75;0,36;55,56;33,33;0;2;France;Western Europe;"EDP Sciences";"2010-2023";"Multidisciplinary (Q3); Physical Therapy, Sports Therapy and Rehabilitation (Q3); Social Sciences (miscellaneous) (Q3); Neuropsychology and Physiological Psychology (Q4); Orthopedics and Sports Medicine (Q4); Physiology (Q4); Physiology (medical) (Q4); Psychology (miscellaneous) (Q4)";"Biochemistry, Genetics and Molecular Biology; Health Professions; Medicine; Multidisciplinary; Psychology; Social Sciences"
90;75573;"Tianjin Daxue Xuebao (Ziran Kexue yu Gongcheng Jishu Ban)/Journal of Tianjin University Science and Technology";journal;"04932137";0,204;Q3;23;137;458;3257;307;458;0,68;23,77;32,24;0;27;China;Asiatic Region;"Tianjin Daxue/Tianjin University";"1982-1988, 2003-2023";"Multidisciplinary (Q3)";"Multidisciplinary"
91;21101057630;"International Journal of Innovative Research and Scientific Studies";journal;"26176548";0,203;Q3;10;100;101;4413;134;101;1,62;44,13;39,92;0;51;United States;Northern America;"Innovative Research Publishing";"2018-2023";"Multidisciplinary (Q3)";"Multidisciplinary"
92;21100902661;"Acta Scientiae";journal;"15174492, 21787727";0,201;Q3;6;59;202;2405;77;202;0,35;40,76;40,98;0;13;Brazil;Latin America;"Lutheran University of Brazil";"2018-2023";"Multidisciplinary (Q3); Education (Q4)";"Multidisciplinary; Social Sciences"
93;21100199522;"Bulletin of the Georgian National Academy of Sciences";journal;"01321447";0,198;Q3;14;105;269;1367;73;261;0,28;13,02;40,47;0;25;Georgia;Eastern Europe;"Georgian National Academy of Sciences";"2011-2023";"Multidisciplinary (Q3)";"Multidisciplinary"
94;24843;"Bulletin de la Societe Royale des Sciences de Liege";journal;"00379565, 17835720";0,196;Q3;13;24;50;715;29;49;0,38;29,79;20,97;0;2;Belgium;Western Europe;"Societe Royale des Sciences de Liege";"1988, 1996-2022";"Multidisciplinary (Q3)";"Multidisciplinary"
95;21101104475;"Experimental Results";journal;"2516712X";0,195;Q3;5;19;119;489;95;119;0,74;25,74;42,65;0;6;United Kingdom;Western Europe;"Cambridge University Press";"2020-2023";"Multidisciplinary (Q3)";"Multidisciplinary"
96;19400157273;"European Journal of Science and Theology";journal;"18410464, 18428517";0,193;Q3;23;59;238;1999;102;236;0,47;33,88;33,94;0;14;Romania;Eastern Europe;"ACAD Organisation";"2008-2023";"Religious Studies (Q1); Engineering (miscellaneous) (Q3); History and Philosophy of Science (Q3); Multidisciplinary (Q3)";"Arts and Humanities; Engineering; Multidisciplinary"
97;5700165172;"World Review of Science, Technology and Sustainable Development";journal;"17412242, 17412234";0,193;Q3;18;14;89;654;77;82;0,91;46,71;37,14;0;7;United Kingdom;Western Europe;"Inderscience Enterprises Ltd";"2004-2010, 2012-2023";"Multidisciplinary (Q3)";"Multidisciplinary"
98;19700175735;"Philippine Journal of Science";journal;"00317683";0,190;Q3;21;194;580;7511;402;557;0,69;38,72;51,22;0;90;Philippines;Asiatic Region;"Department of Science and Technology";"1979, 1982-1983, 1986-1988, 2009-2023";"Multidisciplinary (Q3); Social Sciences (miscellaneous) (Q3)";"Multidisciplinary; Social Sciences"
99;21101068817;"Trends in Sciences";journal;"27740226";0,190;Q3;22;255;756;9876;618;756;0,82;38,73;46,46;0;88;Thailand;Asiatic Region;"Walailak University";"2021-2023";"Multidisciplinary (Q3)";"Multidisciplinary"
100;21101121580;"Journal of Food Technology Research";journal;"23126426, 23123796";0,188;Q3;5;8;39;352;35;39;1,43;44,00;39,13;0;4;United States;Northern America;"Conscientia Beam";"2019-2023";"Multidisciplinary (Q3)";"Multidisciplinary"
101;21101119528;"Humanities (Switzerland)";journal;"20760787";0,187;Q3;8;148;329;6047;137;304;0,37;40,86;51,32;0;36;Switzerland;Western Europe;"Multidisciplinary Digital Publishing Institute (MDPI)";"2019-2023";"Multidisciplinary (Q3)";"Multidisciplinary"
102;21100268424;"Journal of Mathematical and Fundamental Sciences";journal;"23375760";0,187;Q3;18;12;67;467;56;67;0,83;38,92;35,29;0;4;Indonesia;Asiatic Region;"Institute for Research and Community Services, Institut Teknologi Bandung";"2011, 2013-2023";"Agricultural and Biological Sciences (miscellaneous) (Q3); Multidisciplinary (Q3); Biochemistry, Genetics and Molecular Biology (miscellaneous) (Q4); Chemistry (miscellaneous) (Q4); Earth and Planetary Sciences (miscellaneous) (Q4); Mathematics (miscellaneous) (Q4); Medicine (miscellaneous) (Q4); Physics and Astronomy (miscellaneous) (Q4)";"Agricultural and Biological Sciences; Biochemistry, Genetics and Molecular Biology; Chemistry; Earth and Planetary Sciences; Mathematics; Medicine; Multidisciplinary; Physics and Astronomy"
103;21101087358;"WikiJournal of Science";journal;"24706345";0,185;Q3;5;3;16;194;4;16;0,13;64,67;0,00;0;1;United States;Northern America;"WikiJournal User Group";"2018-2023";"Multidisciplinary (Q3)";"Multidisciplinary"
104;21101039259;"European Journal of Interdisciplinary Studies";journal;"20673795";0,184;Q3;5;21;50;1014;54;50;1,20;48,29;51,92;0;13;Romania;Eastern Europe;"Bucharest University of Economic Studies";"2019-2023";"Multidisciplinary (Q3)";"Multidisciplinary"
105;22962;"Interciencia";journal;"03781844";0,182;Q3;40;78;225;2542;93;191;0,35;32,59;35,26;0;34;Venezuela;Latin America;"Interciencia Association";"1979, 1981-1982, 1986, 1993, 1996-2023";"Multidisciplinary (Q3)";"Multidisciplinary"
106;19472;"Beijing Daxue Xuebao (Ziran Kexue Ban)/Acta Scientiarum Naturalium Universitatis Pekinensis";journal;"04798023";0,180;Q3;32;108;370;4000;266;370;0,73;37,04;39,37;0;24;China;Asiatic Region;"Peking University";"2001-2023";"Multidisciplinary (Q3)";"Multidisciplinary"
107;21101112531;"Journal of Taiyuan University of Technology";journal;"10079432";0,180;Q3;6;134;396;3015;191;396;0,52;22,50;39,05;0;28;China;Asiatic Region;"Taiyuan University of Technology";"2019-2023";"Multidisciplinary (Q3)";"Multidisciplinary"
108;21100325436;"Vibroengineering Procedia";conference and proceedings;"23450533";0,179;-;13;170;447;1834;213;429;0,48;10,79;28,76;0;32;Lithuania;Eastern Europe;"EXTRICA";"2013-2023";"Control and Systems Engineering; Electrical and Electronic Engineering; Materials Science (miscellaneous); Mechanical Engineering; Multidisciplinary; Ocean Engineering";"Engineering; Materials Science; Multidisciplinary"
109;28036;"Indian Journal of Pure and Applied Physics";journal;"09751041, 00195596";0,176;Q3;46;71;288;2921;232;288;0,79;41,14;30,36;0;15;India;Asiatic Region;"National Institute of Science Communication and Information Resources (NISCAIR)";"1969, 1971, 1974-1990, 1993-2023";"Multidisciplinary (Q3); Physics and Astronomy (miscellaneous) (Q4)";"Multidisciplinary; Physics and Astronomy"
110;21100942865;"Mindanao Journal of Science and Technology";journal;"24493686, 22440410";0,173;Q3;6;23;108;929;63;108;0,55;40,39;24,32;0;8;Philippines;Asiatic Region;"University of Science and Technology of Southern Philippines";"2019-2023";"Multidisciplinary (Q3)";"Multidisciplinary"
111;23285;"Natures Sciences Societes";journal;"12401307, 17652979";0,173;Q3;22;33;111;1013;28;96;0,18;30,70;37,50;0;13;France;Western Europe;"EDP Sciences";"1995-2023";"Multidisciplinary (Q3); Social Sciences (miscellaneous) (Q3); Agricultural and Biological Sciences (miscellaneous) (Q4); Biochemistry, Genetics and Molecular Biology (miscellaneous) (Q4); Earth and Planetary Sciences (miscellaneous) (Q4); Environmental Science (miscellaneous) (Q4)";"Agricultural and Biological Sciences; Biochemistry, Genetics and Molecular Biology; Earth and Planetary Sciences; Environmental Science; Multidisciplinary; Social Sciences"
112;19900191418;"Psychotherapy and Politics International";journal;"14769263, 15569195";0,173;Q3;9;0;70;0;27;51;0,32;0,00;0,00;0;0;Germany;Western Europe;"Wiley - VCH Verlag GmbH & CO. KGaA";"2013-2021";"Multidisciplinary (Q3)";"Multidisciplinary"
113;21101156894;"International Journal of Applied Power Engineering";journal;"22528792, 27222624";0,172;Q3;2;44;31;1376;21;31;0,68;31,27;25,25;0;20;Indonesia;Asiatic Region;"Intelektual Pustaka Media Utama";"2022-2023";"Multidisciplinary (Q3)";"Multidisciplinary"
114;21101175788;"Proceedings of Engineering and Technology Innovation";journal;"2518833X, 24137146";0,172;Q3;5;20;54;484;46;54;0,83;24,20;28,07;0;6;Taiwan;Asiatic Region;"Taiwan Association of Engineering and Technology Innovation";"2019-2023";"Multidisciplinary (Q3)";"Multidisciplinary"
115;19700181256;"Constructivist Foundations";journal;"1782348X";0,169;Q3;24;94;245;1932;67;244;0,27;20,55;28,57;0;4;Belgium;Western Europe;"Vrije Universiteit Brussel";"2010-2023";"Philosophy (Q2); History and Philosophy of Science (Q3); Multidisciplinary (Q3); Artificial Intelligence (Q4); Cognitive Neuroscience (Q4); Education (Q4)";"Arts and Humanities; Computer Science; Multidisciplinary; Neuroscience; Social Sciences"
116;19400157142;"Chiang Mai University Journal of Natural Sciences";journal;"16851994";0,167;Q3;15;1;228;34;171;228;0,72;34,00;66,67;0;0;Thailand;Asiatic Region;"Chiang Mai University";"2003, 2006, 2009-2023";"Health Professions (miscellaneous) (Q3); Multidisciplinary (Q3); Pharmacology, Toxicology and Pharmaceutics (miscellaneous) (Q3); Agricultural and Biological Sciences (miscellaneous) (Q4); Dentistry (miscellaneous) (Q4); Environmental Science (miscellaneous) (Q4); Medicine (miscellaneous) (Q4)";"Agricultural and Biological Sciences; Dentistry; Environmental Science; Health Professions; Medicine; Multidisciplinary; Pharmacology, Toxicology and Pharmaceutics"
117;17600155129;"Resonance";journal;"09718044, 0973712X";0,167;Q3;23;140;381;1669;163;310;0,29;11,92;31,71;0;13;India;Asiatic Region;"Springer India";"1996, 2000, 2002, 2006-2023";"Multidisciplinary (Q3); Education (Q4)";"Multidisciplinary; Social Sciences"
118;144725;"Shenyang Jianzhu Daxue Xuebao (Ziran Kexue Ban)/Journal of Shenyang Jianzhu University (Natural Science)";journal;"16712021";0,165;Q3;16;136;419;2578;147;419;0,35;18,96;32,61;0;22;China;Asiatic Region;"Editorial Department of Journal of Shenyang Jianzhu University";"2005-2023";"Multidisciplinary (Q3)";"Multidisciplinary"
119;21101076082;"Transdisciplinary Journal of Engineering and Science";journal;"19490569";0,165;Q3;4;18;69;700;42;56;0,61;38,89;39,47;0;11;United States;Northern America;"ATLAS";"2021-2023";"Multidisciplinary (Q3)";"Multidisciplinary"
120;3900148502;"Songklanakarin Journal of Science and Technology";journal;"01253395";0,164;Q3;42;82;608;2448;343;606;0,45;29,85;39,90;0;29;Thailand;Asiatic Region;"Prince of Songkla University";"2006-2023";"Multidisciplinary (Q3)";"Multidisciplinary"
121;12634;"Early Science and Medicine";journal;"13837427, 15733823";0,161;Q3;25;25;79;2448;24;73;0,38;97,92;39,13;0;2;Netherlands;Western Europe;"Brill Academic Publishers";"1996-2023";"History (Q2); History and Philosophy of Science (Q3); Multidisciplinary (Q3); Medicine (miscellaneous) (Q4)";"Arts and Humanities; Medicine; Multidisciplinary"
122;19700166903;"Universitas Scientiarum";journal;"20271352, 01227483";0,161;Q3;15;15;54;781;39;54;0,55;52,07;40,35;0;7;Colombia;Latin America;"Pontificia Universidad Javeriana";"2009-2023";"Multidisciplinary (Q3)";"Multidisciplinary"
123;31728;"Comptes Rendus de L'Academie Bulgare des Sciences";journal;"13101331";0,160;Q3;22;215;648;3550;228;648;0,35;16,51;48,97;0;57;Bulgaria;Eastern Europe;"Bulgarian Academy of Sciences";"1977-1985, 2002, 2007-2023";"Multidisciplinary (Q3)";"Multidisciplinary"
124;5800207374;"Journal of the National Science Foundation of Sri Lanka";journal;"13914588";0,160;Q3;25;57;167;1994;96;155;0,46;34,98;44,59;0;21;Sri Lanka;Asiatic Region;"National Science Foundation of Sri Lanka";"1999-2023";"Multidisciplinary (Q3)";"Multidisciplinary"
125;24197;"Scientific American";journal;"00368733";0,158;Q3;100;0;22;0;8;5;0,00;0,00;0,00;0;0;United States;Northern America;"Scientific American Inc.";"1947-1950, 1958-2020";"Multidisciplinary (Q3)";"Multidisciplinary"
126;21101066734;"Israa University Journal of Applied Science";journal;"25230522";0,154;Q3;3;28;28;874;23;28;0,96;31,21;42,50;0;20;Palestine;Middle East;"Israa University";"2017-2023";"Multidisciplinary (Q3)";"Multidisciplinary"
127;5700165166;"Malaysian Journal of Science";journal;"13943065";0,154;Q3;15;32;81;1127;62;81;0,70;35,22;38,82;0;4;Malaysia;Asiatic Region;"Malaysian Abstracting and Indexing System";"2006-2023";"Multidisciplinary (Q3)";"Multidisciplinary"
128;19700170618;"Maejo International Journal of Science and Technology";journal;"19057873";0,153;Q4;22;23;72;718;47;68;0,63;31,22;34,29;0;3;Thailand;Asiatic Region;"Maejo University";"2009-2023";"Multidisciplinary (Q4)";"Multidisciplinary"
129;21101045271;"International Journal of Advanced and Applied Sciences";journal;"23133724, 2313626X";0,151;Q4;13;299;599;10359;342;599;0,58;34,65;41,39;0;123;Taiwan;Asiatic Region;"Institute of Advanced Science Extension (IASE)";"2019-2023";"Multidisciplinary (Q4)";"Multidisciplinary"
130;21100853929;"International Journal of Systematic Innovation";journal;"20778767, 20777973";0,151;Q4;6;19;58;855;37;58;0,63;45,00;29,55;0;3;Taiwan;Asiatic Region;"The Society of Systematic Innovation";"2010-2023";"Artificial Intelligence (Q4); Computer Science Applications (Q4); Electrical and Electronic Engineering (Q4); Industrial and Manufacturing Engineering (Q4); Information Systems and Management (Q4); Management of Technology and Innovation (Q4); Mechanical Engineering (Q4); Multidisciplinary (Q4); Organizational Behavior and Human Resource Management (Q4); Strategy and Management (Q4)";"Business, Management and Accounting; Computer Science; Decision Sciences; Engineering; Multidisciplinary"
131;21100902543;"Science and Technology Asia";journal;"25869027, 25869000";0,151;Q4;7;90;232;2576;106;232;0,41;28,62;44,25;0;35;Thailand;Asiatic Region;"Thammasat University";"2018-2023";"Agricultural and Biological Sciences (miscellaneous) (Q4); Mathematics (miscellaneous) (Q4); Multidisciplinary (Q4)";"Agricultural and Biological Sciences; Mathematics; Multidisciplinary"
132;26195;"Wuhan University Journal of Natural Sciences";journal;"10071202, 19934998";0,149;Q4;22;62;194;1374;64;194;0,43;22,16;37,36;0;7;France;Western Europe;"EDP Sciences";"1996, 1998-2023";"Multidisciplinary (Q4)";"Multidisciplinary"
133;21101021222;"Journal of Current Science and Technology";journal;"26300656, 26300583";0,146;Q4;4;59;111;2381;67;108;0,53;40,36;47,22;0;20;Thailand;Asiatic Region;"Rangsit University";"2018-2023";"Multidisciplinary (Q4)";"Multidisciplinary"
134;19500157417;"Proceedings of the Latvian Academy of Sciences, Section B: Natural, Exact, and Applied Sciences";journal;"2255890X, 1407009X";0,146;Q4;16;38;244;1085;96;244;0,35;28,55;68,79;0;14;Poland;Eastern Europe;"Sciendo";"2008-2023";"Multidisciplinary (Q4)";"Multidisciplinary"
135;16100154769;"Arabic Sciences and Philosophy";journal;"09574239, 14740524";0,145;Q4;21;10;23;394;13;23;0,41;39,40;44,44;0;0;United Kingdom;Western Europe;"Cambridge University Press";"1991-2023";"History (Q2); History and Philosophy of Science (Q3); Philosophy (Q3); Multidisciplinary (Q4)";"Arts and Humanities; Multidisciplinary"
136;17600155045;"Staps";journal;"17821568, 0247106X";0,140;-;11;0;83;0;24;79;0,17;0,00;0,00;0;0;Belgium;Western Europe;"Boeck Universite";"2001-2022";"Orthopedics and Sports Medicine (Q4); Physical Therapy, Sports Therapy and Rehabilitation (Q4); Social Sciences (miscellaneous) (Q4)";"Health Professions; Medicine; Social Sciences"
137;22728;"Zhongshan Daxue Xuebao/Acta Scientiarum Natralium Universitatis Sunyatseni";journal;"20970137";0,139;Q4;15;94;326;2901;177;326;0,63;30,86;39,94;0;21;China;Asiatic Region;"Journal of Zhongshan University";"1980, 2001-2023";"Multidisciplinary (Q4)";"Multidisciplinary"
138;21100934560;"Science, Engineering and Health Studies";journal;"26300087";0,137;Q4;6;6;137;176;56;134;0,38;29,33;62,50;0;2;Thailand;Asiatic Region;"Silpakorn University";"2018-2023";"Multidisciplinary (Q4)";"Multidisciplinary"
139;21101122884;"Open Research Africa";journal;"27526925";0,135;Q4;2;4;8;184;8;8;1,00;46,00;55,56;0;4;United Kingdom;Western Europe;"";"2022-2023";"Multidisciplinary (Q4)";"Multidisciplinary"
140;21100903715;"Annals of Clinical and Experimental Neurology";journal;"24092533, 20755473";0,134;Q4;5;44;134;1528;49;134;0,35;34,73;56,67;0;15;Russian Federation;Eastern Europe;"Research Center of Neurology";"2019-2023";"Cellular and Molecular Neuroscience (Q4); Cognitive Neuroscience (Q4); Multidisciplinary (Q4); Neurology (Q4); Neurology (clinical) (Q4)";"Medicine; Multidisciplinary; Neuroscience"
141;61482;"Liaoning Gongcheng Jishu Daxue Xuebao (Ziran Kexue Ban)/Journal of Liaoning Technical University (Natural Science Edition)";journal;"10080562";0,134;Q4;19;101;254;1761;62;254;0,19;17,44;29,89;0;16;China;Asiatic Region;"Editorial Office of Journal of Liaoning Technical University";"2001-2023";"Multidisciplinary (Q4)";"Multidisciplinary"
142;5400152705;"Archives des Sciences";journal;"1661464X";0,133;Q4;16;0;7;0;2;7;0,50;0,00;0,00;0;0;Switzerland;Western Europe;"Societe de Physique et d'Histoire Naturelle de Geneve";"2004-2014, 2017-2018, 2020-2021";"Multidisciplinary (Q4)";"Multidisciplinary"
143;21101041813;"Chinese Annals of History of Science and Technology";journal;"20964226";0,133;Q4;3;6;41;234;9;40;0,21;39,00;57,14;0;1;China;Asiatic Region;"Science China Press";"2017-2023";"History (Q2); History and Philosophy of Science (Q3); Multidisciplinary (Q4)";"Arts and Humanities; Multidisciplinary"
144;20300195074;"ASM Science Journal";journal;"18236782";0,130;Q4;11;69;418;2328;140;417;0,42;33,74;46,55;0;24;Malaysia;Asiatic Region;"Akademi Sains Malaysia";"2011-2015, 2017-2023";"Multidisciplinary (Q4)";"Multidisciplinary"
145;21101170608;"Georgetown Journal of International Affairs";journal;"15260054, 24718831";0,129;Q4;4;37;115;833;47;85;0,34;22,51;25,00;0;14;United States;Northern America;"Johns Hopkins University Press";"2019-2023";"Multidisciplinary (Q4)";"Multidisciplinary"
146;21100217212;"Journal of Zhejiang University, Science Edition";journal;"10089497";0,129;Q4;10;86;281;2337;97;281;0,29;27,17;43,56;0;18;China;Asiatic Region;"Zhejiang da xue xue bao bian ji bu";"2012-2023";"Multidisciplinary (Q4)";"Multidisciplinary"
147;19900191882;"Journal of Sciences, Islamic Republic of Iran";journal;"10161104";0,128;Q4;14;18;65;523;25;65;0,46;29,06;44,74;0;2;Iran;Middle East;"University of Tehran";"2011-2022";"Multidisciplinary (Q4)";"Multidisciplinary"
148;21101131037;"Salud, Ciencia y Tecnologia";journal;"27969711";0,128;Q4;12;267;206;7162;169;200;0,82;26,82;54,84;1;125;Argentina;Latin America;"Editorial Salud, Ciencia y Tecnolog√≠a";"2021-2023";"Engineering (miscellaneous) (Q4); Health Professions (miscellaneous) (Q4); Multidisciplinary (Q4); Nursing (miscellaneous) (Q4)";"Engineering; Health Professions; Multidisciplinary; Nursing"
149;21101105288;"Recoletos Multidisciplinary Research Journal";journal;"24083755, 24231398";0,127;Q4;4;17;60;726;24;60;0,50;42,71;40,00;0;10;Philippines;Asiatic Region;"University of San Jose-Recoletos";"2013-2023";"Multidisciplinary (Q4)";"Multidisciplinary"
150;21100202735;"Revista Lasallista de Investigacion";journal;"17944449";0,127;Q4;11;33;126;1052;33;119;0,20;31,88;43,48;0;13;Colombia;Latin America;"Corporacion Universitaria Lasallista";"2011, 2013-2023";"Multidisciplinary (Q4)";"Multidisciplinary"
151;21100464312;"Metode";journal;"21749221, 21743487";0,126;Q4;7;29;86;406;26;73;0,30;14,00;41,86;0;11;Spain;Western Europe;"Research and Science Policy of the University of Valencia";"2015-2023";"History and Philosophy of Science (Q4); Multidisciplinary (Q4)";"Arts and Humanities; Multidisciplinary"
152;90979;"Shanghai kou qiang yi xue = Shanghai journal of stomatology";journal;"10067248";0,125;Q4;11;118;389;1658;70;389;0,17;14,05;41,57;0;21;China;Asiatic Region;"Shanghai di 2 Yi Ke Da Xue, Shanghai Yi Xue Hui Kou Qiang Xue Hui";"2003-2023";"Multidisciplinary (Q4)";"Multidisciplinary"
153;21100903489;"Radovi Zavoda za Znanstvenoistrazivacki i Umjetnicki Rad u Bjelovaru";journal;"18469787, 18487912";0,123;Q4;2;19;34;846;2;31;0,00;44,53;83,33;0;7;Croatia;Eastern Europe;"Croatian Academy of Sciences and Arts";"2018-2022";"History and Philosophy of Science (Q4); Multidisciplinary (Q4); Social Sciences (miscellaneous) (Q4)";"Arts and Humanities; Multidisciplinary; Social Sciences"
154;21100253049;"Proceedings of Science";conference and proceedings;"18248039";0,122;-;22;1155;5875;27262;521;5829;0,09;23,60;23,78;0;52;Italy;Western Europe;"Sissa Medialab Srl";"1998-2023";"Multidisciplinary";"Multidisciplinary"
155;21101018315;"Edelweiss Applied Science and Technology";journal;"25768484";0,121;Q4;2;12;33;455;15;32;0,78;37,92;25,81;0;6;United States;Northern America;"Learning Gate";"2019-2021";"Multidisciplinary (Q4)";"Multidisciplinary"
156;23049;"Issues in Science and Technology";journal;"07485492";0,120;Q4;33;0;9;0;8;2;0,00;0,00;0,00;0;0;United States;Northern America;"Arizona State University";"1985-1999, 2001-2016, 2018-2019";"Multidisciplinary (Q4)";"Multidisciplinary"
157;21101060491;"Know";journal;"2473599X, 24736007";0,119;Q4;5;13;39;542;13;33;0,23;41,69;42,86;0;0;United States;Northern America;"University of Chicago Press";"2017-2023";"Multidisciplinary (Q4)";"Multidisciplinary"
158;21101140508;"International Journal of Experimental Research and Review";journal;"24554855";0,117;Q4;4;169;66;5791;30;66;0,55;34,27;37,77;0;70;India;Asiatic Region;"International Academic Publishing House (IAPH)";"2019-2023";"Agricultural and Biological Sciences (miscellaneous) (Q4); Animal Science and Zoology (Q4); Ecology, Evolution, Behavior and Systematics (Q4); Environmental Science (miscellaneous) (Q4); Health, Toxicology and Mutagenesis (Q4); Multidisciplinary (Q4); Plant Science (Q4)";"Agricultural and Biological Sciences; Environmental Science; Multidisciplinary"
159;22176;"Ohio Journal of Sciences";journal;"00300950";0,117;Q4;19;2;28;78;5;26;0,11;39,00;50,00;0;1;United States;Northern America;"Ohio Academy of Science";"1945-1949, 1973-1974, 1979-1983, 1985, 1987, 1989, 1991-2010, 2013-2023";"Multidisciplinary (Q4)";"Multidisciplinary"
160;21100904807;"Revista Conhecimento Online";journal;"21768501";0,117;Q4;3;27;90;1073;18;87;0,21;39,74;68,75;0;14;Brazil;Latin America;"Feevale University";"2019-2023";"Education (Q4); Multidisciplinary (Q4)";"Multidisciplinary; Social Sciences"
161;21100817622;"Studies in Spanish and Latin American Cinemas";journal;"20504845, 20504837";0,117;Q4;6;8;59;353;13;59;0,18;44,13;42,86;0;3;United Kingdom;Western Europe;"Intellect Ltd.";"2013-2022";"Visual Arts and Performing Arts (Q2); Cultural Studies (Q3); Communication (Q4); Multidisciplinary (Q4)";"Arts and Humanities; Multidisciplinary; Social Sciences"
162;33604;"Journal and Proceedings - Royal Society of New South Wales";journal;"00359173";0,116;Q4;10;15;90;228;18;85;0,24;15,20;58,82;0;5;Australia;Pacific Region;"Royal Society of New South Wales";"1982-1997, 2009-2023";"Multidisciplinary (Q4)";"Multidisciplinary"
163;19700187504;"Scientific Journal of King Faisal University Basic and Applied Sciences";journal;"16580311";0,115;Q4;8;21;204;647;43;203;0,17;30,81;30,77;0;10;Saudi Arabia;Middle East;"King Faisal University";"2009-2023";"Multidisciplinary (Q4)";"Multidisciplinary"
164;37540;"Bulletin de la Societe Vaudoise des Sciences Naturelles";journal;"00379603";0,113;Q4;11;12;49;170;2;43;0,03;14,17;53,33;0;2;Switzerland;Western Europe;"Societe Vaudoise des Sciences Naturelles";"1981-2013, 2015, 2017-2022";"Multidisciplinary (Q4)";"Multidisciplinary"
165;21100862487;"International Journal of Language and Culture";journal;"22143157, 22143165";0,113;Q4;10;5;43;213;13;43;0,32;42,60;57,14;0;0;Netherlands;Western Europe;"John Benjamins Publishing Company";"2014-2022";"Multidisciplinary (Q4)";"Multidisciplinary"
166;21753;"New Scientist";journal;"02624079";0,112;Q4;20;222;680;0;80;533;0,13;0,00;43,75;0;9;United Kingdom;Western Europe;"Reed Business Information Ltd";"1973-2023";"Multidisciplinary (Q4)";"Multidisciplinary"
167;37052;"Papers and Proceedings - Royal Society of Tasmania";journal;"00804703";0,112;Q4;13;1;32;0;5;30;0,08;0,00;0,00;0;0;Australia;Pacific Region;"Royal Society of Tasmania";"1982-1997, 2009-2011, 2015-2021";"Multidisciplinary (Q4)";"Multidisciplinary"
168;19700166523;"Synthesiology";journal;"18830978, 18832318";0,107;Q4;11;0;14;0;2;13;0,14;0,00;0,00;0;0;Japan;Asiatic Region;"Nat. Inst. of Adv. Industrial Science and Technology (AIST)";"2008-2019, 2021";"Engineering (miscellaneous) (Q4); Multidisciplinary (Q4); Social Sciences (miscellaneous) (Q4)";"Engineering; Multidisciplinary; Social Sciences"
169;21101152875;"International Journal of Canadian Studies";journal;"19235291";0,105;Q4;2;13;24;346;4;20;0,10;26,62;30,77;0;4;Canada;Northern America;"University of Toronto Press";"2020-2023";"Multidisciplinary (Q4)";"Multidisciplinary"
170;21101057627;"International Conference on Multidisciplinary Research";conference and proceedings;"16943597, 16943600";0,104;-;2;30;17;825;2;15;0,00;27,50;44,19;0;20;Mauritius;Africa;"Society for Research and Knowledge Management";"2018, 2020, 2023";"Multidisciplinary";"Multidisciplinary"
171;21101133576;"Multidisciplinary Science Journal";journal;"26751240";0,103;Q4;2;183;50;4390;4;49;0,10;23,99;41,77;0;87;Brazil;Latin America;"Malque Publishing";"2019-2024";"Multidisciplinary (Q4)";"Multidisciplinary"
172;23467;"Taiwan Review";journal;"17275199, 17275148";0,100;Q4;3;80;234;0;0;227;0,00;0,00;25,00;0;1;Taiwan;Asiatic Region;"Kwang Hwa Publishing Co.";"2003-2021";"Multidisciplinary (Q4)";"Multidisciplinary"
173;21101164614;"Cultura e Scienza del Colore";journal;"23849568";;-;1;21;0;515;0;0;0,00;24,52;62,75;0;5;Italy;Western Europe;"Gruppo del Colore ‚Äì Associazione Italiana Colore";"2023";"Multidisciplinary";"Multidisciplinary"
174;21101171696;"Journal of Asian Scientific Research";journal;"22231331, 22265724";;-;1;11;0;433;0;0;0,00;39,36;58,33;0;4;Pakistan;Asiatic Region;"Asian Economic and Social Society";"2023";"Multidisciplinary";"Multidisciplinary"
175;21101163455;"Multidisciplinary Reviews";journal;"25953982";;-;1;51;0;2552;0;0;0,00;50,04;31,30;0;27;Brazil;Latin America;"Malque Publishing";"2023";"Multidisciplinary";"Multidisciplinary"
